Unnamed: 0,title,text,label
6,PAUL RYAN Won’t Fund Border Fence For US Citizens…But Check Out The Fence Around His Mansion,"Ryan has never made any secret about his desire to welcome immigrants to America. How many will live with him in his large family home in the confines of his fenced in compound? A recent Breitbart News investigation reveals that Rep. Paul Ryan (R-WI), who has a two-decade-long history of promoting open borders immigration policies, seems to support border fences for himself, even as he denies the American people those same protections.While Paul Ryan s omnibus spending bill does not provide funding for the mandatory completion of a 700-mile double-layer border fence that Congress promised the American people nearly a decade ago when it passed the 2006 Secure Fence Act, Paul Ryan has constructed a fence around his property.As Breitbart News s photographic documentation reveals, Ryan s home is surrounded by a tall border fence reinforced by equally high bushes  ensuring both privacy and security. Moreover, the fence is manned by an on-duty agent who guards his property s perimeter. Upon even the slightest appearance of any unusual activity  such as a 5 2  female taking a photograph of the fence  Ryan s border agent will deploy into action to ensure the perimeter s sovereignty.Over the course of the past six months, there has been heightened national focus on Americans  desire for a border fence following the GOP presidential frontrunners  call for a border wall. A Rasmussen Reports survey released in August of this year found that likely Republican voters, by greater than a 4-1 margin, support Donald Trump s plan to build a border wall (70 percent vs. 17 percent). Amongst all likely voters, a majority (51 percent) support building the border wall.Congress promised the American people a 700-mile border fence in the 2006 Secure Fence Act. However, funding for the project was subsequently gutted and, as a result, construction was never completed.While Paul Ryan s $1.1 trillion year-end omnibus spending package was able to allocate funding for immigration programs that benefit foreign nationals  such as federal grants for lawless sanctuary cities and the U.S. resettlement tens of thousands of refugees  his bill does not require an allotment of funds be spent on the completion of the 700-mile-long fence that the American voters were promised.Sen. Jeff Sessions (R-AL)has previously highlighted the hypocrisy of immigration expansionists who surround their homes with border fences and monitor who comes on their property but do not apparently believe the American people deserve the same protections. Sessions pointed specifically to open borders advocate Mark Zuckerberg who, according to reports, spent $30 million buying the surrounding four homes around his own property in order to get  a little more privacy. Sessions said,  Well, the  masters of the universe  are very fond of open borders as long as these open borders don t extend to their gated compounds and fenced-off estates. On previous occasions, Ryan has repeatedly suggested that the American people are not entitled to discriminate against who enters their country on a visa. When Sean Hannity asked Paul Ryan about whether or not he would support curbs to Muslim immigration, Paul Ryan declared,  That s not who we are. However, Ryan s fence ensures that no refugees will be able to enter his property without his permission  even as U.S. communities are not able to make any such restrictions.In 2013, when Ryan traveled with Rep. Luis Gutierrez (D-IL)to stump for Sen. Marco Rubio s (R-FL) immigration agenda, Ryan declared that America  is more than our borders  and that the U.S. ought to have an  open door  system where foreign nationals can come and go as they please. America is more than just a country,  Ryan said.  It s more than Chicago, or Wisconsin. It s more than our borders. America is an idea. It s a very precious idea. Ryan disparaged Americans who opposed large-scale immigration, characterizing that attitude as ignorant, declaring that throughout American history,  Each wave [of immigration] is met with some ignorance, is met with some resistance. Ryan said,  We want to have a system where people can come here and work  go back and forth if they want to  so that we have an open door to the people who want to come and contribute to our country, who want to come and make a difference in their families  lives, and our economy.  Via: Breitbart News",0
10,OBAMA’S SPEECH ABOUT “CHILD SAFETY” Was Interrupted When Rapper Guest’s Ankle Bracelet From KIDNAPPING Charge Went Off,"We told you about the fancy affair Obama was planning to host at the White House for black rappers last week. The latest development with the ankle bracelet on a criminal rapper makes you want to scream, Are you kidding me? An attempt by President Obama to promote his  My Brother s Keeper  initiative, which aims to keep youths of color out of trouble, came to a farcical end when rapper Rick Ross s ankle bracelet   which he received on a kidnapping and assault charge   went off.Obama had invited a bevy of hip-hop heavyweights, including Niki Minaj, Common, Busta Rhymes, Pusha T and DJ Khaled, to the meeting at the White House Friday.But none of them   least of all Ross himself   expected the ankle bracelet to interrupt the president, according to TMZ.Obama reportedly invited the stars to the  serious and fancy affair,  which was not made public before the event, to promote the initiative.It was so serious, in fact, that Ross, who is typically photographed topless to show off his impressive all-over body tattoos, wore a smart suit   and a pair of black Adidas sneakers.That suit conveniently covered the ankle bracelet that he received after last year s kidnapping, assault and battery charges. Unfortunately, it wasn t able to block the sound of his new anklet s random beeps   one of which went off just as Obama was finishing his speech.Even the self-styled  Hood Billionaire  was surprised at the sound, a source said.He later posted a picture of himself and DJ Khaled talking after the event on his Instagram account. Via: Daily Mail ",0
13,BREAKING: VIOLENT HILLARY THUGS Beat Man Holding “Bill Clinton Is A Rapist” Sign At Hillary Rally [Video],"Protester with  Rape  sign is tackled at #Clinton rally in #Las Vegas pic.twitter.com/sJvGvFnpgt  John Treanor (@NewsTreanor) October 13, 2016",0
14,"CNN’S FAKE NEWS BACKFIRES! CNN Legal Analyst Agrees With Trump On FBI, DOJ: “Off the rails!” [Video]","Hell has frozen over! CNN is actually reporting the truth! CNN legal analyst Paul Callan agrees with the assessment that the FBI and DOJ need to be  purged . They refer to Rep. Rooney s (see below) take that the FBI and DOJ are off the rails:OUR PREVIOUS REPORT ON REP ROONEY S TAKE ON THE CORRUPT DOJ AND FBI:THIS IS PRICELESS! The video below shows just how out of control the left is when it comes to the corruption within the FBI and DOJ.When a Republican lawmaker called for a  purge  of what he said are  deep state  elements within the FBI and Justice Department, the MSNBC host Hallie Jackson was clearly agitated and shocked: I m very concerned that the DOJ and the FBI, whether you call it deep state or what, are off the rails,  Florida Rep. Francis Rooney stated then cited reasons behind his concern. The anti-Trump bias and the demotion of Bruce Ohr were just two of the examples Rooney gave.Jackson shot back,  Congressman, you just called the FBI and the DOJ off the rails. Something that you re okay with talking about here? How does that not sort of undermine the work that the agencies are doing? I don t want to discredit them. I would like to see the directors of those agencies purge it,  said Rooney.  And say look, we ve got a lot of great agents, a lot of great lawyers here, those are the people that I want the American people to see and know the good works being done, not these people who are kind of the deep state. Jackson responded:  Language like that, Congressman, purge? Purge the Department of Justice? Rooney responded,  Well, I think that Mr. Strzok could be purged, sure. Ms. Jackson might want to read up on the corruption that s been uncovered so far with the FBI and DOJ.",0
15,"PRO-ABORTION Activist Speaks To Students At Catholic School, Tells Them It’s Okay To Send Naked Photos","We are devout Catholics, but my daughter goes to a Lutheran College. She messaged me the other day to tell me a group students were parked outside her school s cafeteria with a display and literature defending Planned Parenthood. Needless to say, we were both disappointed by the decision of the college to allow this group of activists to promote abortion in a Christian based college. When our Christian churches stop defending the sanctity of life, we are truly doomed as a society. A Catholic school in Kingston, Ontario, hosted an anti-Catholic abortion activist earlier this week for a  Healthy Relationships/Sexuality Retreat,  in which she told senior students that it is acceptable for a girl to send a naked photo of herself to a boyfriend as long as there is  consent.  The presentation was mandatory for all grade 10 students, and one father says the school gave them no details about the event in advance.Activist Julie Lalonde, 30, not only sits on the board of Canada s leading abortion lobby organization, the Abortion Rights Coalition of Canada, but in 2012 she helped found the anti-Catholic group The Radical Handmaids with the goal of combatting a pro-life motion introduced in the House of Commons at that time. During demonstrations, the activists dress in mockery of Catholic nuns, wearing the cornette, the trademark  butterfly  headpiece formerly worn by St. Vincent de Paul s Daughters of Charity in Montreal.A Catholic father, whose daughter attended Lalonde s presentation at Regiopolis-Notre Dame Catholic High School in Kingston on Monday, was shocked that what he called a  radical anti-Catholic feminist  would be given a platform at a Catholic school. I feel sick about the whole thing, that this is the message our children are receiving at a Catholic high school. It s a message that says there is no right or wrong, there s no moral standards,  Colin MacDougall told LifeSiteNews.MacDougall said that he would have liked his daughter to hear a message that would have simply discouraged people from sending any kind of explicit message or photos. How about the message,  Don t send them in the first place,  he said. You feel just kind of sick that you send your kids to a Catholic school expecting that they would get some flavor of the Catholic message, at the very least, but instead, it goes the other way,  he added.In her presentation, Lalonde focuses on the notion of  consent,  telling students that sending a naked photo is not a  problem  as long as the sender gives full consent. We re not talking about whether or not that girl should be taking the picture in the first place.   For us, what s important is not necessarily whether or not I ve consented to having my photo taken, but the idea of why is it funny [for my boyfriend] to send it to [his] entire hockey team. Lalonde stresses that there is a  huge difference between me and my partners sending pictures to each other, and me sending a picture because I m afraid that if I don t, you re not going to date me anymore.  She makes the argument that it s acceptable for a consenting girl to send a naked photo of herself to her boyfriend, but where she  draws the line  is when that boy then turns around and sends the photo to other people without the girl s consent.A tweet sent out by Lalonde:Examples of cool consent programming at @sheridancollege #daretocare pic.twitter.com/J28EfozcGQ  Julie S. Lalonde (@JulieSLalonde) October 16, 2015 What we want to talk about is this idea that photos going viral doesn t happen on its own. Someone has to initiate that process. Someone has to decide if I m going to send this on to someone else, that person sends it onto someone else And that s a problem. That s the biggest problem,  she said.Via: LifeSite News",0
20, Bush Attorney General: Obama ‘Has An Obligation’ To Fill Scalia’s Seat (VIDEO),"Supreme Court Justice Antonin Scalia is still dead and the Republican Party is still pledging to block any nominee for the vacancy that President Obama puts forth. According to right-wingers like Ted Cruz, the president doesn t have the  right  to elect a new justice because in the distorted minds of the imbeciles in the GOP the American people only elect Democratic presidents for three years, not the four Republicans get. However, not everyone on the crazy side of the aisle believes this nonsense, actually a very high-ranking member of the Bush Administration, former-Attorney General Alberto Gonzales, thinks that it is President Obama s  obligation  to appoint someone to the court.On Monday, AG Gonzales appeared on CNN s New Day to discuss the  controversy  surrounding the vacancy on the highest court in the country: I know there s a big debate going on right now about whether or not Obama should nominate someone. From my perspective having worked at the White House and the Dept. of Justice, there s just no question in my mind that as president of the United States, you have an obligation to fill a vacancy. I suspect President Obama is going to do his job,  he continued.  And after he does his job and nominating a hopefully qualified individual, the Senate will do its job eventually on its own calendar. The president absolutely has an obligation to fill the court, it is one of his most important duties as president. Of course, I don t really expect Ted Cruz and his buddies to understand anything about  duties,  after all, these are the imbeciles that refused to do their jobs and shut the government down in 2013. Their most important job is to keep the government running and they couldn t even do that.If they decide to be the jackasses we expect them to be, they will once again cripple the government because they are literally incapable of governing. The Republican Party doesn t feel an obligation to perform their duties, they only feel obligated to obstruct Obama   at any cost.Watch:Featured image via video screenshot",0
22,NEW LAW WILL PUNISH MUSLIM Migrants…Assimilate Or Get Out!,"Is this common sense law even practical given how many Muslims migrants with ties to terrorism have already embedded themselves in communities across Europe. The mass sexual assaults and rapes that took place on New Years Eve in Germany should be a pretty good indicator of how interested these male Muslim migrants are in assimilating.  German Chancellor Angela Merkel s ruling coalition agreed Thursday on tough measures to spur the integration of migrants and refugees, including sanctions for failing to take part in programs such as language classes.The deal, hammered out in six hours of late-night talks between Merkel s conservative Christian Union bloc and the Social Democrats (SPD), also included plans for new anti-terror legislation. Now that hundreds of thousands (over a million) refugees have arrived in our country, we have a double task: to manage and control refugee flows, and not only to register but to integrate the large numbers,  Merkel said at a Berlin press conference on Thursday. We will differentiate between those with good and bad prospects for being allowed to stay, but there will be an offer for everyone who comes to us,  she added. Integration in a society with people from very different cultural backgrounds doesn t happen by itself,  said Vice-Chancellor Sigmar Gabriel, who claimed the new law was a  truly historic step .Indeed, it is the first time a law covering immigration and integration has been mooted since Germany began a postwar programme to invite Turks and other  guest workers  to fuel its economic miracle, which was criticized for failing to provide millions of immigrants and their descendants a stake in German society and a path to citizenship.The integration bill would take a carrot-and-stick approach, providing subsidized courses to help newcomers find their way in German life but, in some cases, denying residence permits to those who fail to take up the offer.Under the new pact seen by AFP, federal funds would be used to create 100,000 jobs for asylum seekers receiving benefits.Those facing imminent deportation would be excluded, but asylum seekers taking part in job training would be shielded from expulsion for the length of the programme.Refugees who abandon state-assigned housing would face unspecified consequences, but waiting periods for acceptance courses teaching German language and customs are to be slashed to six weeks from three months currently. Learning the language is also necessary for temporary stays in Germany,  the document states.The draft law is to be completed on May 24 and then presented to parliament, where the so-called grand coalition has a large majority.Germany took in more than one million asylum seekers in 2015 and Merkel has faced mounting criticism from sceptics, particularly from within her conservative camp, arguing that Europe s top economy is ill-equipped to cope with the influx.The closure of the so-called Balkan route taken by many migrants has led to a sharp decline in new arrivals in recent weeks.Via: The Local de",0
24,Did OPRAH Just Leave “Nasty” Hillary Wishing She Wouldn’t Have Endorsed Her? [VIDEO],"Four months ago, Oprah, the woman who made her fortune off preying on women s emotions and counting on their inability to think for themselves, gave Hillary s vagina an endorsement. She gave women absolutely no credible reason to support her, but reminded them, when you walk into the voting booth the choice is clear, one candidate has a vagina and the other one does not: Regardless of your politics, it s a seminal moment for women. What this says is, there is no ceiling, that ceiling just went boom! It says anything is possible when you can be leader of the free world. What Oprah s essentially saying to women who hang on her every word is that it doesn t matter if you or your husband don t have a job. It doesn t matter if you live in a town supported by coal that Hillary promised to destroy. It doesn t matter that Hillary left our nation s top secret classified emails exposed for anyone in the world to see, simply because she believed she was above the law, or that every other person in the history of our government has been punished for less serious breaches of our national security.  Much like she tried to convince her viewers in 2008 that American needed a black President, she s now trying to convince her viewers they need to elect our first woman for President. Am I the only woman who finds Oprah s dumbing down of women to be an insult to my intelligence? Yesterday, Oprah weighed in on the election and gave an endorsement for Hillary that was an insult to the intelligence of every woman still clinging to her failed network. She essentially told them, you may not be smart enough to follow the news or to understand the seriousness of the content of the emails being leaked that prove Hillary was using her position as Secretary of State to funnel money into her Clinton Foundation. You may not even be smart enough to understand the seriousness of the recent videos released by James O Keefe of Project Veritas that show Democrats admitting to committing massive voter fraud for decades and inciting violence at Trump rallies. You may not even be smart enough to know these people featured in the undercover videos admit that Hillary and the DNC are fully aware of, and are funding their illegal activities. Yes, these same people are tied to Hillary who admit on tape they were responsible for the unprecedented violence a horrified America witnessed at Donald Trump s rally in her hometown of Chicago But let me tell you, that nasty woman you see on TV just ignore what you see, because, as Oprah states,  She s not coming over to your house! You don t have to like her,  she said.  You don t have to like her. Watch Oprah below. She apparently couldn t offer her female viewers one concrete reason to vote for Hillary, so instead she focused on reasons to overlook her negatives and vote for her anyhow. Is this really an endorsement that will help Hillary Clinton win with thinking women or will they just use her endorsement to point out to other women that Oprah couldn t even think of one good reason to vote for Hillary other than the obvious argument used for the low information voter she has a vagina.Here s a video of Hillary speaking down to a young reporter in Oprah s beloved Africa. Maybe Oprah s decided that it s okay for women in positions of power to talk to women like this, as long as you don t invite them over for dinner:",0
26, This Cartoon CRUSHES Every Single Talking Point The NRA Can Possibly Spew Following Orlando,"Americans have a right to defend themselves.   Banning one type of gun will lead to banning all guns.   We can t limit the Second Amendment.   We re one justice away from repealing the Second Amendment.   Democrats want to take your guns and leave you defenseless.   Expanded background checks will lead to a registry, and then government tracking and privacy invasion.  And so forth.These are just a few of the fear-mongering talking points we hear from the NRA and their ilk, talking heads, and mouthpieces, every time there s a mass shooting.But guess what? These talking points, which are enshrined in both policy and paranoid right-wing culture, and have made us less safe than ever, helped to cause the Orlando massacre. We could explain in detail, but Politico has a cartoon that explains it far better in a single wallop of a punch:The latest political cartoon from the desk of POLITICO s Matt @Wuerker https://t.co/vyEgFlBPPx pic.twitter.com/CclsKwABjV  POLITICO (@politico) June 13, 2016The point of the cartoon is that anybody can donate to the NRA, and the NRA then uses its not-inconsiderable financial and political clout to loosen gun laws under the absolute lie of,  The only thing that stops a bad guy with a gun is a good guy with a gun. Thanks to them, gun laws either get loosened, or they stay as they are. Then people like Omar Mateen, who was on the FBI s radar for potential ties to terrorist groups, can get whatever kinds of guns they want perfectly legally. There is no explaining that away.The NRA s hands are soaked in the fresh blood of the victims of the Orlando massacre, and what do they have to say about it? Nothing. Zero, zip, zilch, nada, just like after Sandy Hook. They re hiding like the sick cowards they are until they can get some cold-blooded fuckery together that makes them appear as white as snow in all of this.Florida has some of the loosest gun laws in the country. Where were all the good guys with guns at Pulse? Why didn t they stop this? Why didn t someone pull out their own weapon and gun Mateen down before he was able to shoot over 100 people? We challenge the NRA and all their rabid sycophants to answer that question.In the meantime, Politico and its cartoonist, Matt Wuerker, are to be commended for that cartoon. It puts what s happening to our country into sharp relief in a way that mere words can t.Featured image by Scott Olson/Getty Images",0
28, REPORT: NINE Officials Reveal Trump Admin LIED About Talking To Russia About Easing Sanctions,"Almost immediately following the Nov. 8 election, Trump and his fledgling administration made a point of denying that they were in contact with Russia about anything. Now his own national security adviser, Michael Flynn, is saying otherwise. Flynn has more or less said that he might have discussed the sanctions privately with Russia s ambassador to the U.S., Sergey Kislyak. But there are nine officials who all say he definitely did.Flynn first denied the allegations rather emphatically, according to a report from the Washington Post. However, he walked it back through his spokesman later on, who said that he  indicated that while he had no recollection of discussing sanctions, he couldn t be certain that the topic never came up. That s an interesting way of not answering a question, but it might get him off the hook just a little. The Post reports that no fewer than nine officials, who have access to reports from law enforcement and intelligence agencies that monitor communications of Russian diplomats, say that Flynn s references to the sanctions Obama imposed following the election were explicit and clear. Two also said that Flynn actually told Russia not to overreact to the penalties since all of this could be discussed again after Trump was sworn in.A third official said that either Flynn had lied to Mike Pence, who flatly denied the allegations, too, or that Pence misspoke (knowing this administration, it s the former).Pence told CBS   Face the Nation  the following: I talked to General Flynn about that conversation and actually was initiated on Christmas Day he had sent a text to the Russian ambassador to express not only Christmas wishes but sympathy for the loss of life in the airplane crash that took place. It was strictly coincidental that they had a conversation. They did not discuss anything having to do with the United States  decision to expel diplomats or impose censure against Russia. After host John Dickerson pressed him on whether Flynn had ever had a conversation about sanctions with Kislyak at any time, Pence said: Well, look. General Flynn has been in touch with diplomatic leaders, security leaders in some 30 countries. That s exactly what the incoming national security advisor should do. But what I can confirm, having spoken to him about it, is that those conversations that happened to occur around the time that the United States took action to expel diplomats had nothing whatsoever to do with those sanctions. He then finished that part of the interview with,  I don t believe there were more conversations. U.S. intelligence agencies became suspicious after Putin s lackluster response to our kicking out all of their diplomats, and they began to look for evidence suggesting that he was promised relief. They discovered that conversations between Flynn and Kislyak had happened around the time we announced the new sanctions and kicked their diplomats out.The administration s position was to deny, deny, deny, because of course. But Flynn isn t exactly denying it anymore. This may have something to do with Congress seeking to limit Trump s ability to ease the sanctions. It may have anything to do with anything   maybe he just feels backed into a corner now.The point is, of all the lies coming out of this administration, this is one of the biggest and the worst thus far. Oddly enough, both Flynn and his son seem to have deleted their Twitter accounts. That could be for any reason, but it s just a little too coincidental to the Post s report.Now we get to wonder what else this administration has done to aid an official enemy. Working to rebuild relationships and strengthen ties is one thing. Working to aid an enemy is another, and that s what Flynn (and by extension, Trump) has done.Featured image by Drew Angerer via Getty Images",0
0,"Live from New York, it's a Trump-Clinton rematch - of sorts","NEW YORK (Reuters) - Veteran actor and frequent host Alec Baldwin returned to “Saturday Night Live” on Saturday, debuting his new gig playing a scowling, blustering Donald Trump, the Republican nominee for U.S. president. The late night NBC comedy show, kicking off its 42nd season, opened with an extended sketch featuring Baldwin as Trump facing off with a calculating, cunning and smug Hillary Clinton, with Kate McKinnon reprising her turn as the Democratic nominee. Much of the routine was lifted from the opponents’ Monday debate, including references to talk show host and Trump nemesis Rosie O’Donnell, and vocal Trump backer, Fox News’ Sean Hannity. Baldwin began his Trump routine promising “I’m going to be so good tonight,” before issuing a perfunctory response on jobs and economics. “End of story, I won the debate, I stayed calm just like I promised, and it, is, over. Goodnight,” he proclaimed before walking away. Told by the moderator there were still 88 minutes left, “Trump” responded, “My microphone is broken,” adding “She broke it. With Obama.” Asked what she thought of Trump’s rambling discourse, a smirking McKinnon-as-Clinton replied “I think I’m going to be president.” The audience for the live show applauded wildly. After a few more minutes of Baldwin-as-Trump’s increasingly bizarre remarks, a swaggering Clinton asks “Can America vote right now?” Later, fighting tears, she explained, “This is going so well. It’s going exactly how I always dreamed.” The show’s writers made sure to take shots at the Democrat as well, including her referencing beauty queen Alicia Machado as “a political prop that I almost forgot to mention”. In her closing statement, Clinton said “Listen America, I get it, you hate me.” She then threatened that “If you don’t elect me, I will continue to run for president until the day I die.” Baldwin, who has hosted Saturday Night Live more than anyone in its storied history, will be back as Trump until the November election, likely providing a ratings spike for the show that has mined U.S. elections and politics for comic fodder since 1975. Trump himself appeared on the show as host in November 2015, when he was campaigning to win the Republican nomination.",1
1,Catalan separatists to lose majority in tight election: poll,"BARCELONA (Reuters) - Catalonia s independence movement could suffer a serious setback in elections this month, according to a poll published on Sunday, which suggests separatist parties will narrowly fail to secure a majority in the regional parliament. The three parties which supported Catalonia s frustrated push to split from Spain in October are seen as returning a total of 66 or 67 seats in the Dec. 21 election, just shy of the 68 seats they would need to control the regional parliament, according to the poll in Spanish newspaper La Vanguardia. Unionist parties combined are also seen as falling short of an absolute majority, the poll finds, opening the door to a possible hung parliament with CatComu-Podem, the Catalan arm of the anti-austerity Podemos party, as a potential kingmaker. Market friendly unionist party Ciudadanos and two pro-independence parties, ERC and Junts per Catalunya, the party of former Catalan leader Carles Puigdemont, are in a dead heat to be the largest parliamentary force, according to the poll based on interviews between Dec. 4 and Dec. 7. Turnout for the election, which was forced by the central government in an effort to break the political crisis that seized the region in recent months, is predicted to reach a record 82 percent.",1
2,North Carolina governor concedes election to Democratic opponent,"WINSTON-SALEM, N.C. (Reuters) - North Carolina Governor Pat McCrory on Monday conceded the state’s contested gubernatorial race to Democrat Roy Cooper, almost four weeks after the Nov. 8 election that many viewed as a referendum on a law limiting transgender bathroom rights. The Republican incumbent had trailed his challenger since election night, when Cooper declared victory with a margin of fewer than 5,000 votes. McCrory refused to bow out, vowing to seek a recount and challenging the validity of votes his campaign said may have included ones cast by felons or dead people. As of Monday, the state’s unofficial election results showed Cooper’s lead had grown to 10,263 votes as counties continued to tally ballots. McCrory was entitled to a recount only if he trailed by 10,000 votes or less. In a video message issued by the governor’s office, McCrory said Cooper had won “the closest North Carolina governor’s race in modern history.” “Despite continued questions that should be answered regarding the voting process, I personally believe that the majority of our citizens have spoken,” said McCrory, who sat on a couch with a Christmas tree in the background in the video. Cooper’s win over the one-term incumbent marks the only governorship picked up by Democrats nationally, while Republicans added governor seats last month in New Hampshire, Missouri and Vermont. Cooper, the state’s attorney general, said serving as governor “will be the honor of my life.” “While this was a divisive election season, I know still that there is more that unites us than divides us,” he said in a statement after his opponent’s concession. The Democratic candidate’s bid benefited from a backlash against McCrory after he signed a state law in March that bans transgender people from using government-run restrooms that match their gender identity and limits protections for gays and lesbians.  The law, the only of its kind in the United States, drew national attention. It has been blamed for hundreds of millions of dollars in economic losses and the relocation of major sporting events from the country’s ninth most populous state.  Opponents of the measure, known as House Bill 2, said a McCrory defeat would have national implications. “McCrory’s stubborn and reckless support of HB 2 cost him this election, and his defeat sends a powerful warning to lawmakers across the country that targeting LGBTQ people will not be tolerated,” Chad Griffin, president of the Human Rights Campaign, said in a statement. LGBTQ stands for lesbian, gay, bisexual, transgender, and queer (and/or questioning) individuals/identities.",1
3,Draft Senate Iran legislation sets tough new U.S. terms for deal,"WASHINGTON (Reuters) - Draft legislation responding to U.S. President Donald Trump’s refusal to certify the Iran nuclear deal would set tough new terms for the pact, including restoring sanctions if Iran tests a ballistic missile able to carry a warhead or bars nuclear inspectors from any sites. Critics of the legislation drafted by Republican Senators Bob Corker and Tom Cotton, with support from the Trump administration, said it could put the United States in violation of the international agreement if it were enacted. The draft, seen by Reuters on Tuesday, was in the works on Oct. 13 when Trump announced he would not formally certify that Tehran was complying with the international nuclear pact, and called on Congress to write legislation to toughen it. Since then, Corker has met with Senate Democratic colleagues, at least some of whom would have to back the legislation for it to pass. They have insisted that Washington work with European allies who co-signed the deal before making any changes. Britain, France, Germany and the European Union, which also signed the nuclear accord - as did Russia and China - warned that Trump’s plan could cause a split with Washington and risked U.S. credibility abroad. Corker, chairman of the Senate Foreign Relations Committee, told Reuters last week that the Trump administration must work closely with European allies as it develops its new Iran policy. The draft legislation, a proposed amendment to the Iran Nuclear Agreement Review Act passed in 2015, broadens a required administration assessment on whether Iran is complying with the pact to add factors related to issues from trade to whether Iran is using commercial aircraft licensed by the United States for non-civil aviation purposes. As previously reported, it would instantly reimpose, or “snap back” sanctions lifted under the agreement if Iran were deemed capable of developing a nuclear weapon within a year. The Iran issue has been complicated by Trump’s recent attacks on Corker, in which he blamed him for the nuclear deal forged under former Democratic President Barack Obama. The pact, which world leaders have urged Trump not to derail, was opposed by every Republican in Congress including Corker.  Corker has lashed back at Trump by saying he has failed to grow into the job as president and blaming him for breaking down important international relationships. A spokeswoman for Corker did not immediately respond to a request for comment on how the dispute with the president might affect the Iran legislation.",1
4,California governor taps U.S. Representative Becerra as attorney general,"SACRAMENTO, Calif. (Reuters) - California Governor Jerry Brown on Thursday nominated U.S. Congressman Xavier Becerra to be attorney general, a high-powered pick that signals the state’s readiness to defend its progressive policies as Republicans consolidate power in Washington. In choosing Becerra, 58, Brown is tapping a pragmatic and reliably progressive Democrat with a deep knowledge of Washington politics as the state’s top lawyer. He will replace Democrat Kamala Harris, who was elected last month to the U.S. Senate, at a time when California is positioning itself to respond to anticipated conservative policies from Republican President-elect Donald Trump. “California’s prosperity and people are currently under threat by a hostile Trump administration,” California Senate leader Kevin de Leon said on Thursday. “Xavier will serve as a guardian of the Constitution and an ultimate check and balance against the forces of division and scapegoating that are mobilizing in Washington.” Brown, a Democrat who is particularly concerned that Trump and congressional Republicans will try to roll back environmental protections and reduce the U.S. role in efforts to combat climate change, cited Becerra as someone who could battle such efforts. “Xavier has been an outstanding public servant – in the State Legislature, the U.S. Congress and as a deputy attorney general,” Brown said in announcing the appointment. “I’m confident he will be a champion for all Californians and help our state aggressively combat climate change.”  The appointment also takes Becerra out of the running to become the ranking member of Congress’s powerful Ways and Means committee. In a statement released on Thursday, outgoing ranking member Sandy Levin, a Michigan Democrat, indicated the position would be filled by U.S. Representative Richard Neal of Massachusetts.  A Stanford-trained lawyer, Becerra served as California’s deputy attorney general before winning a seat in Congress representing the northeastern section of Los Angeles in 1992. In Congress, Becerra rose to chair the House Democratic Caucus and  also served on the Ways and Means Committee and the National Commission on Fiscal Responsibility and Reform. “California right now is ahead of the country when it comes to clean energy, commonsense treatment of immigrants, real health security and so much more,” Becerra said. The Sacramento native said in a conference call with reporters he would welcome friendly overtures from Trump and the Republicans who control Congress, but promised sharp pushback if the federal government tries to undo progressive policies on immigration, the environment, worker protections and other issues. “If you want to take on a forward-leaning state that is prepared to defend its rights and interests, then come at us,” Becerra said. If approved by the Democratic-majority state legislature, Becerra will replace Harris after she resigns from the post to join the Senate in coming weeks. Harris, also a Democrat, replaces U.S. Senator Barbara Boxer, who is retiring.",1
5,"Trump makes overture to Ryan, while Republicans wrestle with party's future","WASHINGTON (Reuters) - Donald Trump, leading the pack for the Republican presidential nomination, has reached out to House of Representatives Speaker Paul Ryan, it was disclosed on Wednesday, even as some Republicans strategized over how to potentially knock the billionaire businessman’s campaign off its stride. The Trump campaign contacted Ryan’s office late on Monday, a spokeswoman for Ryan said, on the eve of the Super Tuesday nominating contests in which hundreds of delegates were at stake for the Republican candidates. The Trump overture also came a day before the Republican speaker publicly admonished Trump over his failure to repudiate the backing of his candidacy by a white supremacist group. Trump responded with a warning to Ryan. “We have heard from the (Trump) campaign, but the two have not yet spoken,” Ryan spokesman Brendan Buck said in a statement released on Twitter on Wednesday, one day after Trump swept victories in seven of the 11 states that held Republican nominating contests on the biggest day in the primary season. Ryan spokeswoman AshLee Strong did not describe the subject or details of Trump’s overture to the speaker. After months of shrugging off Trump’s candidacy, Republicans are now grappling with the distinct possibility that he may be their party’s nominee to take on the Democrats, likely led by Hillary Clinton, in the Nov. 8 presidential election.  A Republican senator who asked not to be identified, and a senior aide to another Republican senator, told Reuters that many private conversations were underway on Capitol Hill about finding ways to slow or stop Trump. “People are leaning on people everywhere,” to convince Ohio Governor John Kasich to exit the race so the party can unify around a single Trump alternative, either Senator Marco Rubio or Senator Ted Cruz. Kasich, however, was expected to stay in at least until the Ohio primary on March 15. At the core of such conversations, said the aide and another senior Senate Republican aide, who also asked not to be identified, is avoiding a deadlock at the Republican convention, which “would forever result in the loss of our base,” said one of the aides.  Ryan has until this week avoided commenting on the presidential race. On Tuesday he said any Republican nominee must reject any group “built on bigotry.” The remark was aimed at Trump after Trump did not immediately repudiate support from a white supremacist group over the weekend. Trump fired back at Ryan in a news conference in Florida on Tuesday night, warning the speaker would pay “a big price” if he stood in Trump’s way. Ryan’s office did not say on Wednesday when the two men might talk. But Ryan’s spokesman said the speaker planned to be in touch with all of the Republican presidential candidates soon to discuss the conservative policy agenda.  (Reporting by Susan Cornwell and Richard Cowan; Editing by Kevin Drawbaugh and Leslie Adler) This article was funded in part by SAP. It was independently created by the Reuters editorial staff. SAP had no editorial involvement in its creation or production.",1
7,U.S. intel chief declines comment on any Trump request about Russia,"WASHINGTON (Reuters) - U.S. Director of National Intelligence Dan Coats declined to say whether President Donald Trump asked him to help deny any collusion between his campaign team and Russia, as reported by the Washington Post, saying his talks with Trump were private. “On this topic, as well as other topics, I don’t feel it’s appropriate to characterize discussions and conversations with the president,” Coats said about the alleged request. He was speaking at a hearing before the Senate Armed Services Committee. ",1
8,Soon-to-go-free jail convicts snared in French attack plot probe,"PARIS (Reuters) - Two French prison inmates who were soon to be freed have been  placed under investigation on suspicion of planning a terrorist attack and communicating by smartphone with Syria, stronghold of Islamic State militants. The news highlighted the risk, regularly flagged by rights groups and jail authorities, that crowded prisons offer fertile ground for religious radicalization and conversion to the cause of Islamist fighters, not only in France. It also prompted calls for a crackdown on use of smartphones  inside prisons.  The two, who were nearing the end of jail time for hold-ups and other criminal activity but not terrorist offences, were taken from their cells late last week and interrogated for four days before being placed formally under investigation for suspected terrorist activity, a judiciary official said. One element that prompted the authorities to act was the  interception of encrypted message traffic with Syria, a Fresnes prison staff representative, Cedric Boyer, said. The precise nature of what was being planned was not clear, he added. Conveying the seriousness of the perceived threat that the two constituted, Justice Minister Nicole Belloubet told Europe 1 radio:  What happened yesterday exposed the urgency of the situation.  French TV station LCI said the two were plotting attacks against jail wardens and police forces, while a source close to the investigation said they also had other targets planned. More than 240 people have been killed in France in attacks since the start of 2015 by assailants who pledged allegiance to, or were inspired by, Islamic State. France has a long record of radicalization in its prisons. Prison guards said the ease with which smartphones can be used to communicate secretively with the world outside was an increasing problem.  The government is going to have to put its hand in its pocket,  said Boyer, a representative of the Force Ouvriere labor union and guards at the Fresnes prison.  Extra staffing is needed but it s also a matter of keeping up with technology, being able to scramble 4G communications rather than staying stuck in the age of the Nokia 33-10,  Boyer told BFM TV, referring to latest technology and the days when mobile phones were a rudimentary novelty.",1
9,Fed turns to Trump agenda with rate hike nearly in the bag,"WASHINGTON (Reuters) - The Federal Reserve inaugurates the Trump era this week with a near-certain interest rate increase and new economic forecasts providing a first glimpse into whether the U.S. election has reshaped the central bank’s growth and inflation outlook. Fed fund futures show a 97 percent probability that the Fed will lift rates by a quarter of a percentage point at the end of its two-day policy meeting on Wednesday, according to the CME Group. All 120 economists in a Reuters poll expect a rate hike in the wake of a string of solid U.S. economic reports. More telling will be whether the stock market rally and jump in bond yields triggered by Trump’s Nov. 8 victory will push the Fed to an inflection point of its own and a higher projected pace of rate increases for 2017 and beyond. The Republican businessman is inheriting a good economy, one that grew by 3.2 percent in the third quarter, the fastest pace in two years. There are, however, concerns that his plan to reduce taxes, cut regulation and increase infrastructure spending could not just boost the economy but also fuel higher inflation. Since first published in 2012, the Fed’s quarterly “dot plot” of projected interest rates has generally moved in one direction – down – and any post-election change will show whether policymakers expect Trump’s policies to shake things up. As of September, Fed officials’ median projection was for two rate increases next year and a long run “neutral” level of 2.6 percent. A rate increase this week would be the first since last December and only the second since the 2007-2009 financial crisis.    “Their path is going to move up faster and a little sooner,” said Steve Rick, chief economist for CUNA Mutual Group. He said the economy was running at its potential, and that was the Fed’s cue to “exit stage right” and steadily move rates to normal. Fed officials have long hoped that other government policies would take the place of monetary engineering, which some believe may have lost its effectiveness in lifting economic growth.  They have warned in recent weeks that any new government spending should specifically be designed to boost productivity in an economy that is already near full employment and facing a high public debt burden. The Fed’s new forecasts will indicate if policymakers feel that the monetary-to-fiscal handover is on the horizon, or need more time for the Trump administration’s plans to become more detailed and move through Congress. Fed Chair Janet Yellen is scheduled to hold a press conference at 2:30 p.m. (1930 GMT) on Wednesday to elaborate on the economic outlook and policy statement. She’ll have a broad set of issues to cover since her last press conference in September - from the Federal Open Market Committee meeting itself, to the likelihood she will be replaced in early 2018 and the risks she foresees from the Trump agenda. Trump repeatedly attacked Yellen during the election campaign, accusing her of holding down rates to help his Democratic rival. Since the election, he has expressed his disapproval of corporate America, criticizing Boeing (BA.N), and took credit for a deal to keep hundreds of jobs at an Indiana plant from being moved to Mexico.  The president-elect also will be under scrutiny after this week’s Fed meeting for clues about how he plans to handle his relationship with the central bank. “There is a real risk that he could be openly critical of the decision to raise rates next week,” Paul Ashworth, an economist with Capital Economics, said in a note last week.  That could upset markets and raise serious issues about whether Trump intends to leave the Fed alone or try to influence its decisions. Top U.S. elected officials, in particular the president, typically avoid criticizing the Fed’s short-term rate decisions, emphasizing instead the need for monetary policy to be set independently. “If he remains silent after the announcement to raise interest rates next Wednesday, then we can begin to assume that it will be business as usual for the Fed,” Ashworth wrote. Trump’s plan to cut taxes and regulation and funnel fresh billions into capital projects must pass Congress, and it may be well after that before any new programs meaningfully effect economic forecasts. But policymakers also watch the markets closely. It may be hard for the Fed to stick with its ultra-slow pace of rate hikes if a major tax overhaul and fiscal spending plan are unleashed.  TD Securities analysts said that fiscal policy at this point in the economic recovery could prompt “an inflationary demand shock” that adds nearly a percentage point to economic growth, but spurs the Fed to raise rates much quicker than expected - by nearly an extra percentage point per year.  That scenario of a central bank caught behind the curve and forced to act faster is one that Yellen and other policymakers have said they hope to avoid out of fear it could prompt a recession.  Fed officials in recent days have acknowledged the Trump agenda may cause them to switch gears, though it is not clear how soon. “At this juncture, it is premature to reach firm conclusions,” New York Fed President William Dudley said last week.  But, since Trump won the election, Dudley added, “the stock market has firmed, bond yields have risen and the dollar has appreciated ... Market participants now anticipate that fiscal policy will turn more expansionary and that the (FOMC) will likely respond by tightening monetary policy a bit more quickly than previously anticipated.” For a graphic on The Trump inflection, click: here",1
11,Sixteen people killed in Russia after train collides with bus,"MOSCOW (Reuters) - Sixteen people were killed on Friday when a train slammed into a bus that had broken down at a level crossing near Moscow, Russia s investigative committee said in a statement. The bus, which was carrying migrant workers from Uzbekistan, was shunted several hundred metres down the track, Russia s Rossiya 24 TV channel reported. Footage showed fragments of what was left of the bus strewn across the track. The train itself appeared to have sustained no visible damage.   The bus stalled on the track,  Vladimir Myagkov, a spokesman for Russian Railways, told Rossiya 24 at the crash site.  Some people say the passengers tried to push the bus off the track. At that moment the train approached and a collision occurred,  he said. Though carrying workers from the Central Asian nation of Uzbekistan, the bus had a license plate registered in Kazakhstan, Russian news agencies reported.",1
